ZJL3773,1
ZJL2524,2
ZJL266,3
ZJL2589,4
ZJL1792,5
ZJL522,6
ZJL772,7
ZJL3254,8
ZJL612,9
ZJL2154,10
ZJL1627,11
ZJL877,12
ZJL1426,13
ZJL1682,14
ZJL2642,15
ZJL448,16
ZJL239,17
ZJL3537,18
ZJL1413,19
ZJL998,20
ZJL96,21
ZJL1195,22
ZJL2291,23
ZJL1445,24
ZJL303,25
ZJL793,26
ZJL3611,27
ZJL3663,28
ZJL2693,29
ZJL1546,30
ZJL2488,31
ZJL3890,32
ZJL606,33
ZJL1553,34
ZJL3691,35
ZJL10,36
ZJL1297,37
ZJL2769,38
ZJL1592,39
ZJL1541,40
ZJL1048,41
ZJL1624,42
ZJL2463,43
ZJL3121,44
ZJL914,45
ZJL3280,46
ZJL2440,47
ZJL4212,48
ZJL978,49
ZJL4140,50
ZJL1854,51
ZJL1393,52
ZJL2753,53
ZJL307,54
ZJL3761,55
ZJL3818,56
ZJL1790,57
ZJL3888,58
ZJL3540,59
ZJL972,60
ZJL690,61
ZJL3387,62
ZJL1461,63
ZJL3771,64
ZJL2256,65
ZJL2017,66
ZJL1882,67
ZJL338,68
ZJL2421,69
ZJL3754,70
ZJL3048,71
ZJL2938,72
ZJL3884,73
ZJL3447,74
ZJL3669,75
ZJL663,76
ZJL2279,77
ZJL1489,78
ZJL3998,79
ZJL2867,80
ZJL288,81
ZJL2192,82
ZJL3107,83
ZJL2533,84
ZJL2883,85
ZJL2164,86
ZJL1696,87
ZJL2612,88
ZJL1167,89
ZJL200,90
ZJL2025,91
ZJL419,92
ZJL3167,93
ZJL2707,94
ZJL4028,95
ZJL1398,96
ZJL1379,97
ZJL3557,98
ZJL2708,99
ZJL1232,100
ZJL931,101
ZJL2494,102
ZJL2319,103
ZJL1744,104
ZJL1153,105
ZJL3962,106
ZJL2239,107
ZJL601,108
ZJL1543,109
ZJL1623,110
ZJL3484,111
ZJL1894,112
ZJL1585,113
ZJL3808,114
ZJL2101,115
ZJL271,116
ZJL1400,117
ZJL3226,118
ZJL649,119
ZJL1621,120
ZJL543,121
ZJL1352,122
ZJL3822,123
ZJL3792,124
ZJL491,125
ZJL215,126
ZJL3767,127
ZJL3395,128
ZJL3097,129
ZJL1534,130
ZJL2485,131
ZJL3062,132
ZJL1320,133
ZJL369,134
ZJL2222,135
ZJL3710,136
ZJL1013,137
ZJL3122,138
ZJL3084,139
ZJL4082,140
ZJL2284,141
ZJL4167,142
ZJL3494,143
ZJL1254,144
ZJL2741,145
ZJL3582,146
ZJL377,147
ZJL1362,148
ZJL719,149
ZJL770,150
ZJL4079,151
ZJL3723,152
ZJL2264,153
ZJL1810,154
ZJL3054,155
ZJL2915,156
ZJL1609,157
ZJL1752,158
ZJL3666,159
ZJL1178,160
ZJL3158,161
ZJL4253,162
ZJL2083,163
ZJL3114,164
ZJL1385,165
ZJL2991,166
ZJL569,167
ZJL1163,168
ZJL1344,169
ZJL1896,170
ZJL1816,171
ZJL3509,172
ZJL3292,173
ZJL3972,174
ZJL2697,175
ZJL92,176
ZJL1373,177
ZJL3104,178
ZJL1657,179
ZJL2959,180
ZJL2479,181
ZJL2631,182
ZJL3255,183
ZJL1334,184
ZJL1009,185
ZJL289,186
ZJL1809,187
ZJL482,188
ZJL2214,189
ZJL2641,190
ZJL1422,191
ZJL2398,192
ZJL3703,193
ZJL3739,194
ZJL3276,195
ZJL3083,196
ZJL1095,197
ZJL251,198
ZJL4181,199
ZJL1017,200
ZJL3462,201
ZJL752,202
ZJL4222,203
ZJL70,204
ZJL2174,205
ZJL424,206
ZJL3012,207
ZJL4090,208
ZJL3274,209
ZJL3008,210
ZJL2531,211
ZJL1449,212
ZJL1811,213
ZJL65,214
ZJL715,215
ZJL1261,216
ZJL180,217
ZJL208,218
ZJL591,219
ZJL3267,220
ZJL14,221
ZJL1561,222
ZJL2887,223
ZJL254,224
ZJL339,225
ZJL2689,226
ZJL216,227
ZJL2952,228
ZJL2022,229
ZJL3249,230
ZJL4216,231
ZJL1213,232
ZJL3575,233
ZJL291,234
ZJL3608,235
ZJL3290,236
ZJL3204,237
ZJL639,238
ZJL934,239
ZJL2918,240
ZJL1322,241
ZJL3414,242
ZJL960,243
ZJL3937,244
ZJL3939,245
ZJL4129,246
ZJL4085,247
ZJL95,248
ZJL1865,249
ZJL3975,250
ZJL2951,251
ZJL3373,252
ZJL831,253
ZJL3033,254
ZJL3816,255
ZJL3275,256
ZJL3463,257
ZJL3025,258
ZJL582,259
ZJL1603,260
ZJL2029,261
ZJL2549,262
ZJL315,263
ZJL922,264
ZJL3349,265
ZJL515,266
ZJL736,267
ZJL2363,268
ZJL867,269
ZJL1796,270
ZJL1887,271
ZJL2230,272
ZJL238,273
ZJL835,274
ZJL3610,275
ZJL2317,276
ZJL3902,277
ZJL2122,278
ZJL1506,279
ZJL1522,280
ZJL1030,281
ZJL2566,282
ZJL1299,283
ZJL3860,284
ZJL3639,285
ZJL3867,286
ZJL1082,287
ZJL3516,288
ZJL3340,289
ZJL1681,290
ZJL1212,291
ZJL1101,292
ZJL3490,293
ZJL3846,294
ZJL2134,295
ZJL184,296
ZJL1637,297
ZJL1840,298
ZJL1762,299
ZJL988,300
ZJL2364,301
ZJL2384,302
ZJL3394,303
ZJL1587,304
ZJL3471,305
ZJL732,306
ZJL480,307
ZJL1169,308
ZJL2880,309
ZJL825,310
ZJL50,311
ZJL1716,312
ZJL2935,313
ZJL619,314
ZJL1142,315
ZJL4035,316
ZJL2327,317
ZJL3100,318
ZJL3622,319
ZJL2019,320
ZJL4024,321
ZJL2179,322
ZJL3510,323
ZJL970,324
ZJL388,325
ZJL2277,326
ZJL2058,327
ZJL2624,328
ZJL2079,329
ZJL1453,330
ZJL2177,331
ZJL222,332
ZJL2175,333
ZJL2318,334
ZJL3901,335
ZJL3064,336
ZJL3455,337
ZJL2486,338
ZJL1644,339
ZJL2198,340
ZJL554,341
ZJL3052,342
ZJL986,343
ZJL3108,344
ZJL1189,345
ZJL1156,346
ZJL1786,347
ZJL3630,348
ZJL4001,349
ZJL1136,350
ZJL4190,351
ZJL4272,352
ZJL1580,353
ZJL319,354
ZJL38,355
ZJL3795,356
ZJL2654,357
ZJL229,358
ZJL2594,359
ZJL3521,360
ZJL769,361
ZJL937,362
ZJL189,363
ZJL1027,364
ZJL398,365
ZJL1876,366
ZJL3185,367
ZJL2383,368
ZJL3109,369
ZJL2099,370
ZJL3551,371
ZJL2622,372
ZJL2426,373
ZJL523,374
ZJL423,375
ZJL2446,376
ZJL1423,377
ZJL3925,378
ZJL2611,379
ZJL1784,380
ZJL2584,381
ZJL1540,382
ZJL3865,383
ZJL293,384
ZJL1124,385
ZJL861,386
ZJL3184,387
ZJL2471,388
ZJL2590,389
ZJL516,390
ZJL2519,391
ZJL4056,392
ZJL161,393
ZJL2985,394
ZJL4116,395
ZJL1769,396
ZJL3893,397
ZJL3708,398
ZJL3347,399
ZJL2104,400
ZJL3175,401
ZJL2081,402
ZJL4158,403
ZJL78,404
ZJL636,405
ZJL1389,406
ZJL1065,407
ZJL657,408
ZJL1346,409
ZJL3032,410
ZJL1342,411
ZJL3195,412
ZJL2706,413
ZJL2701,414
ZJL3704,415
ZJL2462,416
ZJL2774,417
ZJL1206,418
ZJL579,419
ZJL397,420
ZJL3943,421
ZJL3480,422
ZJL386,423
ZJL3829,424
ZJL2259,425
ZJL1115,426
ZJL1813,427
ZJL341,428
ZJL1721,429
ZJL3053,430
ZJL234,431
ZJL418,432
ZJL1076,433
ZJL3649,434
ZJL3153,435
ZJL4032,436
ZJL450,437
ZJL1559,438
ZJL809,439
ZJL3596,440
ZJL3102,441
ZJL3711,442
ZJL2813,443
ZJL2580,444
ZJL4247,445
ZJL2032,446
ZJL2399,447
ZJL3643,448
ZJL499,449
ZJL3989,450
ZJL3464,451
ZJL3728,452
ZJL3247,453
ZJL1218,454
ZJL3164,455
ZJL432,456
ZJL2998,457
ZJL3393,458
ZJL2789,459
ZJL1753,460
ZJL1055,461
ZJL1435,462
ZJL86,463
ZJL2111,464
ZJL3070,465
ZJL1704,466
ZJL3272,467
ZJL1028,468
ZJL2254,469
ZJL3841,470
ZJL1892,471
ZJL2830,472
ZJL3671,473
ZJL3309,474
ZJL378,475
ZJL1728,476
ZJL3783,477
ZJL1570,478
ZJL3111,479
ZJL4105,480
ZJL2097,481
ZJL1155,482
ZJL1411,483
ZJL2475,484
ZJL1755,485
ZJL3323,486
ZJL3600,487
ZJL1090,488
ZJL4175,489
ZJL3831,490
ZJL344,491
ZJL2064,492
ZJL2053,493
ZJL1685,494
ZJL2404,495
ZJL564,496
ZJL2819,497
ZJL4011,498
ZJL878,499
ZJL855,500
ZJL1386,501
ZJL1517,502
ZJL1589,503
ZJL1653,504
ZJL2649,505
ZJL2140,506
ZJL3801,507
ZJL3976,508
ZJL274,509
ZJL1676,510
ZJL4076,511
ZJL3348,512
ZJL693,513
ZJL76,514
ZJL2527,515
ZJL2749,516
ZJL442,517
ZJL3459,518
ZJL2520,519
ZJL3757,520
ZJL350,521
ZJL2803,522
ZJL3724,523
ZJL2096,524
ZJL949,525
ZJL3453,526
ZJL3171,527
ZJL3165,528
ZJL2850,529
ZJL27,530
ZJL1684,531
ZJL3139,532
ZJL2617,533
ZJL4227,534
ZJL655,535
ZJL1,536
ZJL2452,537
ZJL3875,538
ZJL1582,539
ZJL1192,540
ZJL2308,541
ZJL188,542
ZJL1337,543
ZJL77,544
ZJL3920,545
ZJL981,546
ZJL2448,547
ZJL2615,548
ZJL439,549
ZJL3544,550
ZJL821,551
ZJL3058,552
ZJL1782,553
ZJL1835,554
ZJL3778,555
ZJL510,556
ZJL1160,557
ZJL1410,558
ZJL4246,559
ZJL2077,560
ZJL2685,561
ZJL4000,562
ZJL3965,563
ZJL3298,564
ZJL2066,565
ZJL2812,566
ZJL1185,567
ZJL4003,568
ZJL3424,569
ZJL2263,570
ZJL3082,571
ZJL4068,572
ZJL107,573
ZJL3682,574
ZJL2191,575
ZJL812,576
ZJL3087,577
ZJL4110,578
ZJL2530,579
ZJL2411,580
ZJL608,581
ZJL557,582
ZJL3441,583
ZJL856,584
ZJL759,585
ZJL900,586
ZJL842,587
ZJL1845,588
ZJL1747,589
ZJL1246,590
ZJL750,591
ZJL1834,592
ZJL430,593
ZJL1395,594
ZJL661,595
ZJL2751,596
ZJL1271,597
ZJL3625,598
ZJL3735,599
ZJL1900,600
ZJL1188,601
ZJL1649,602
ZJL705,603
ZJL2862,604
ZJL3468,605
ZJL120,606
ZJL3589,607
ZJL1557,608
ZJL1849,609
ZJL1072,610
ZJL2635,611
ZJL3252,612
ZJL487,613
ZJL3106,614
ZJL898,615
ZJL3050,616
ZJL4107,617
ZJL733,618
ZJL1088,619
ZJL2792,620
ZJL182,621
ZJL1604,622
ZJL1431,623
ZJL3355,624
ZJL2229,625
ZJL1867,626
ZJL603,627
ZJL2150,628
ZJL2044,629
ZJL3257,630
ZJL2136,631
ZJL1409,632
ZJL262,633
ZJL2554,634
ZJL3380,635
ZJL3016,636
ZJL1869,637
ZJL3916,638
ZJL3378,639
ZJL2241,640
ZJL1098,641
ZJL264,642
ZJL3326,643
ZJL2086,644
ZJL382,645
ZJL60,646
ZJL94,647
ZJL129,648
ZJL4010,649
ZJL4163,650
ZJL47,651
ZJL1294,652
ZJL2529,653
ZJL1448,654
ZJL358,655
ZJL2997,656
ZJL2265,657
ZJL3819,658
ZJL2809,659
ZJL3987,660
ZJL1861,661
ZJL4224,662
ZJL441,663
ZJL829,664
ZJL186,665
ZJL739,666
ZJL4017,667
ZJL1599,668
ZJL2020,669
ZJL2993,670
ZJL2482,671
ZJL2,672
ZJL2775,673
ZJL2834,674
ZJL3450,675
ZJL921,676
ZJL4252,677
ZJL1827,678
ZJL2217,679
ZJL1628,680
ZJL2808,681
ZJL1285,682
ZJL3383,683
ZJL3302,684
ZJL4128,685
ZJL391,686
ZJL571,687
ZJL2645,688
ZJL90,689
ZJL3656,690
ZJL722,691
ZJL3198,692
ZJL767,693
ZJL1207,694
ZJL2065,695
ZJL390,696
ZJL1302,697
ZJL2055,698
ZJL226,699
ZJL1770,700
ZJL210,701
ZJL1414,702
ZJL4170,703
ZJL847,704
ZJL4231,705
ZJL1011,706
ZJL1512,707
ZJL550,708
ZJL3230,709
ZJL3543,710
ZJL1708,711
ZJL1243,712
ZJL2805,713
ZJL3683,714
ZJL1159,715
ZJL710,716
ZJL1642,717
ZJL3481,718
ZJL3433,719
ZJL1725,720
ZJL2794,721
ZJL3833,722
ZJL3375,723
ZJL2780,724
ZJL3897,725
ZJL3583,726
ZJL3242,727
ZJL1038,728
ZJL1683,729
ZJL2350,730
ZJL367,731
ZJL3233,732
ZJL1242,733
ZJL2937,734
ZJL1339,735
ZJL3458,736
ZJL500,737
ZJL1486,738
ZJL242,739
ZJL3840,740
ZJL2325,741
ZJL174,742
ZJL3194,743
ZJL799,744
ZJL2418,745
ZJL3178,746
ZJL1539,747
ZJL3659,748
ZJL2943,749
ZJL2831,750
ZJL323,751
ZJL3485,752
ZJL4284,753
ZJL1549,754
ZJL3629,755
ZJL2600,756
ZJL2561,757
ZJL1220,758
ZJL4283,759
ZJL3616,760
ZJL2113,761
ZJL2074,762
ZJL3439,763
ZJL2896,764
ZJL1829,765
ZJL1726,766
ZJL3820,767
ZJL328,768
ZJL1571,769
ZJL780,770
ZJL227,771
ZJL247,772
ZJL3428,773
ZJL3554,774
ZJL2040,775
ZJL3944,776
ZJL1573,777
ZJL2544,778
ZJL1073,779
ZJL627,780
ZJL3043,781
ZJL2423,782
ZJL3922,783
ZJL1128,784
ZJL3445,785
ZJL1826,786
ZJL2347,787
ZJL2628,788
ZJL4016,789
ZJL3388,790
ZJL2310,791
ZJL471,792
ZJL4060,793
ZJL376,794
ZJL2046,795
ZJL1060,796
ZJL3365,797
ZJL1667,798
ZJL2339,799
ZJL4225,800
ZJL365,801
ZJL1447,802
ZJL1812,803
ZJL108,804
ZJL3617,805
ZJL2235,806
ZJL2331,807
ZJL1021,808
ZJL1122,809
ZJL1276,810
ZJL2956,811
ZJL1670,812
ZJL1145,813
ZJL1086,814
ZJL2276,815
ZJL2744,816
ZJL2507,817
ZJL1052,818
ZJL2853,819
ZJL2506,820
ZJL8,821
ZJL2110,822
ZJL1665,823
ZJL340,824
ZJL2213,825
ZJL3658,826
ZJL3827,827
ZJL2190,828
ZJL44,829
ZJL3188,830
ZJL492,831
ZJL483,832
ZJL3161,833
ZJL3241,834
ZJL127,835
ZJL1501,836
ZJL3094,837
ZJL633,838
ZJL214,839
ZJL3560,840
ZJL2543,841
ZJL597,842
ZJL4065,843
ZJL2779,844
ZJL3209,845
ZJL843,846
ZJL2599,847
ZJL3785,848
ZJL3570,849
ZJL240,850
ZJL1881,851
ZJL1873,852
ZJL2419,853
ZJL2846,854
ZJL2242,855
ZJL3264,856
ZJL1425,857
ZJL3999,858
ZJL3969,859
ZJL3679,860
ZJL158,861
ZJL2261,862
ZJL3533,863
ZJL1341,864
ZJL4121,865
ZJL117,866
ZJL4061,867
ZJL1871,868
ZJL4148,869
ZJL806,870
ZJL3154,871
ZJL3085,872
ZJL1252,873
ZJL1738,874
ZJL1523,875
ZJL2798,876
ZJL2675,877
ZJL2389,878
ZJL542,879
ZJL2187,880
ZJL790,881
ZJL3835,882
ZJL3799,883
ZJL3168,884
ZJL2609,885
ZJL3678,886
ZJL2992,887
ZJL2465,888
ZJL2072,889
ZJL3830,890
ZJL2067,891
ZJL3027,892
ZJL4180,893
ZJL3705,894
ZJL2734,895
ZJL2315,896
ZJL773,897
ZJL917,898
ZJL3837,899
ZJL3047,900
ZJL1106,901
ZJL2747,902
ZJL4248,903
ZJL2528,904
ZJL503,905
ZJL3269,906
ZJL2302,907
ZJL2367,908
ZJL1286,909
ZJL1321,910
ZJL3297,911
ZJL1675,912
ZJL235,913
ZJL2393,914
ZJL207,915
ZJL3580,916
ZJL321,917
ZJL1274,918
ZJL353,919
ZJL2875,920
ZJL1802,921
ZJL259,922
ZJL648,923
ZJL2324,924
ZJL570,925
ZJL3399,926
ZJL588,927
ZJL1295,928
ZJL3993,929
ZJL374,930
ZJL2652,931
ZJL1825,932
ZJL1282,933
ZJL311,934
ZJL496,935
ZJL696,936
ZJL83,937
ZJL3994,938
ZJL3970,939
ZJL819,940
ZJL3661,941
ZJL844,942
ZJL3636,943
ZJL3974,944
ZJL3692,945
ZJL3374,946
ZJL1179,947
ZJL2084,948
ZJL52,949
ZJL3955,950
ZJL1837,951
ZJL3234,952
ZJL3072,953
ZJL3413,954
ZJL4188,955
ZJL3262,956
ZJL2979,957
ZJL2585,958
ZJL497,959
ZJL1039,960
ZJL2800,961
ZJL2759,962
ZJL3081,963
ZJL2287,964
ZJL452,965
ZJL2630,966
ZJL2504,967
ZJL3341,968
ZJL1710,969
ZJL3844,970
ZJL507,971
ZJL1732,972
ZJL1598,973
ZJL1018,974
ZJL2750,975
ZJL2390,976
ZJL147,977
ZJL2105,978
ZJL4192,979
ZJL3129,980
ZJL2344,981
ZJL3930,982
ZJL3552,983
ZJL2810,984
ZJL4155,985
ZJL945,986
ZJL420,987
ZJL3866,988
ZJL783,989
ZJL3806,990
ZJL370,991
ZJL410,992
ZJL4259,993
ZJL4282,994
ZJL3747,995
ZJL956,996
ZJL2764,997
ZJL1238,998
ZJL756,999
ZJL212,1000
ZJL474,1001
ZJL2289,1002
ZJL3125,1003
ZJL3021,1004
ZJL296,1005
ZJL2071,1006
ZJL2720,1007
ZJL3260,1008
ZJL17,1009
ZJL1893,1010
ZJL3149,1011
ZJL3420,1012
ZJL3362,1013
ZJL558,1014
ZJL1236,1015
ZJL2210,1016
ZJL4233,1017
ZJL3928,1018
ZJL1396,1019
ZJL580,1020
ZJL2854,1021
ZJL1484,1022
ZJL546,1023
ZJL3144,1024
ZJL1157,1025
ZJL2885,1026
ZJL4207,1027
ZJL2742,1028
ZJL1204,1029
ZJL194,1030
ZJL2409,1031
ZJL2151,1032
ZJL3061,1033
ZJL683,1034
ZJL2121,1035
ZJL1180,1036
ZJL903,1037
ZJL3293,1038
ZJL43,1039
ZJL590,1040
ZJL2851,1041
ZJL2304,1042
ZJL2307,1043
ZJL1847,1044
ZJL2297,1045
ZJL1520,1046
ZJL4066,1047
ZJL3086,1048
ZJL3874,1049
ZJL1432,1050
ZJL2087,1051
ZJL249,1052
ZJL641,1053
ZJL3322,1054
ZJL3623,1055
ZJL2030,1056
ZJL3259,1057
ZJL40,1058
ZJL2076,1059
ZJL2643,1060
ZJL1301,1061
ZJL1723,1062
ZJL2495,1063
ZJL1586,1064
ZJL3885,1065
ZJL409,1066
ZJL1858,1067
ZJL2844,1068
ZJL994,1069
ZJL984,1070
ZJL4027,1071
ZJL2619,1072
ZJL3089,1073
ZJL3067,1074
ZJL527,1075
ZJL2939,1076
ZJL2969,1077
ZJL3493,1078
ZJL3479,1079
ZJL2292,1080
ZJL4122,1081
ZJL73,1082
ZJL4041,1083
ZJL429,1084
ZJL725,1085
ZJL3873,1086
ZJL2037,1087
ZJL3573,1088
ZJL2888,1089
ZJL1707,1090
ZJL1739,1091
ZJL171,1092
ZJL3090,1093
ZJL3524,1094
ZJL2868,1095
ZJL518,1096
ZJL213,1097
ZJL2311,1098
ZJL31,1099
ZJL2321,1100
ZJL1327,1101
ZJL3337,1102
ZJL1237,1103
ZJL26,1104
ZJL2715,1105
ZJL4147,1106
ZJL1348,1107
ZJL2639,1108
ZJL4273,1109
ZJL112,1110
ZJL4100,1111
ZJL2714,1112
ZJL808,1113
ZJL3469,1114
ZJL1560,1115
ZJL3850,1116
ZJL310,1117
ZJL1351,1118
ZJL1036,1119
ZJL3279,1120
ZJL2728,1121
ZJL1774,1122
ZJL366,1123
ZJL2901,1124
ZJL346,1125
ZJL362,1126
ZJL1366,1127
ZJL160,1128
ZJL718,1129
ZJL2735,1130
ZJL2966,1131
ZJL204,1132
ZJL823,1133
ZJL2560,1134
ZJL1473,1135
ZJL559,1136
ZJL1057,1137
ZJL1150,1138
ZJL990,1139
ZJL2651,1140
ZJL1402,1141
ZJL102,1142
ZJL2189,1143
ZJL153,1144
ZJL1697,1145
ZJL3465,1146
ZJL4049,1147
ZJL2108,1148
ZJL3320,1149
ZJL12,1150
ZJL118,1151
ZJL3334,1152
ZJL1147,1153
ZJL1452,1154
ZJL1083,1155
ZJL125,1156
ZJL3446,1157
ZJL2546,1158
ZJL653,1159
ZJL195,1160
ZJL2722,1161
ZJL1477,1162
ZJL2428,1163
ZJL1354,1164
ZJL3772,1165
ZJL2989,1166
ZJL2821,1167
ZJL4266,1168
ZJL3261,1169
ZJL3959,1170
ZJL3088,1171
ZJL103,1172
ZJL2382,1173
ZJL2436,1174
ZJL3011,1175
ZJL3366,1176
ZJL1064,1177
ZJL2996,1178
ZJL4278,1179
ZJL3416,1180
ZJL3555,1181
ZJL2330,1182
ZJL3746,1183
ZJL2209,1184
ZJL2294,1185
ZJL1888,1186
ZJL1807,1187
ZJL1012,1188
ZJL415,1189
ZJL63,1190
ZJL1097,1191
ZJL2534,1192
ZJL3112,1193
ZJL2947,1194
ZJL801,1195
ZJL2699,1196
ZJL1045,1197
ZJL577,1198
ZJL3006,1199
ZJL836,1200
ZJL1024,1201
ZJL1280,1202
ZJL2895,1203
ZJL3786,1204
ZJL3981,1205
ZJL4172,1206
ZJL3183,1207
ZJL2829,1208
ZJL1250,1209
ZJL609,1210
ZJL1700,1211
ZJL2711,1212
ZJL840,1213
ZJL3364,1214
ZJL3561,1215
ZJL2303,1216
ZJL314,1217
ZJL267,1218
ZJL336,1219
ZJL2842,1220
ZJL295,1221
ZJL4014,1222
ZJL3769,1223
ZJL2610,1224
ZJL3444,1225
ZJL1758,1226
ZJL2522,1227
ZJL4275,1228
ZJL4007,1229
ZJL2129,1230
ZJL2243,1231
ZJL3612,1232
ZJL3425,1233
ZJL1317,1234
ZJL4157,1235
ZJL3092,1236
ZJL2185,1237
ZJL2502,1238
ZJL1029,1239
ZJL4077,1240
ZJL576,1241
ZJL2710,1242
ZJL11,1243
ZJL2427,1244
ZJL2816,1245
ZJL1583,1246
ZJL2480,1247
ZJL3073,1248
ZJL2762,1249
ZJL977,1250
ZJL509,1251
ZJL3579,1252
ZJL782,1253
ZJL3641,1254
ZJL4112,1255
ZJL738,1256
ZJL3372,1257
ZJL139,1258
ZJL3369,1259
ZJL2771,1260
ZJL2680,1261
ZJL3138,1262
ZJL3978,1263
ZJL2773,1264
ZJL394,1265
ZJL1347,1266
ZJL617,1267
ZJL401,1268
ZJL2627,1269
ZJL3770,1270
ZJL3488,1271
ZJL345,1272
ZJL3984,1273
ZJL2569,1274
ZJL504,1275
ZJL2329,1276
ZJL1555,1277
ZJL3576,1278
ZJL1100,1279
ZJL668,1280
ZJL3986,1281
ZJL177,1282
ZJL2107,1283
ZJL1463,1284
ZJL3289,1285
ZJL955,1286
ZJL3762,1287
ZJL2197,1288
ZJL4149,1289
ZJL567,1290
ZJL2286,1291
ZJL2227,1292
ZJL1326,1293
ZJL32,1294
ZJL2663,1295
ZJL2637,1296
ZJL1483,1297
ZJL1672,1298
ZJL428,1299
ZJL672,1300
ZJL59,1301
ZJL979,1302
ZJL2607,1303
ZJL2245,1304
ZJL3186,1305
ZJL1771,1306
ZJL2785,1307
ZJL2326,1308
ZJL2270,1309
ZJL1687,1310
ZJL71,1311
ZJL909,1312
ZJL747,1313
ZJL3075,1314
ZJL4203,1315
ZJL1729,1316
ZJL2521,1317
ZJL1022,1318
ZJL4202,1319
ZJL3001,1320
ZJL2934,1321
ZJL962,1322
ZJL2098,1323
ZJL1842,1324
ZJL2536,1325
ZJL3549,1326
ZJL3933,1327
ZJL2442,1328
ZJL281,1329
ZJL1058,1330
ZJL3023,1331
ZJL3145,1332
ZJL2445,1333
ZJL2960,1334
ZJL1822,1335
ZJL1789,1336
ZJL98,1337
ZJL3883,1338
ZJL2117,1339
ZJL2655,1340
ZJL1305,1341
ZJL2754,1342
ZJL1875,1343
ZJL555,1344
ZJL2733,1345
ZJL1197,1346
ZJL3793,1347
ZJL3022,1348
ZJL4176,1349
ZJL3451,1350
ZJL1572,1351
ZJL4263,1352
ZJL1491,1353
ZJL2975,1354
ZJL255,1355
ZJL2559,1356
ZJL2891,1357
ZJL3105,1358
ZJL2601,1359
ZJL1417,1360
ZJL1127,1361
ZJL616,1362
ZJL1537,1363
ZJL3713,1364
ZJL1290,1365
ZJL3911,1366
ZJL1576,1367
ZJL1590,1368
ZJL1460,1369
ZJL3007,1370
ZJL2073,1371
ZJL464,1372
ZJL820,1373
ZJL1773,1374
ZJL435,1375
ZJL664,1376
ZJL1617,1377
ZJL3906,1378
ZJL927,1379
ZJL1692,1380
ZJL2990,1381
ZJL2272,1382
ZJL1443,1383
ZJL882,1384
ZJL2790,1385
ZJL3192,1386
ZJL3701,1387
ZJL1364,1388
ZJL3157,1389
ZJL628,1390
ZJL2905,1391
ZJL885,1392
ZJL2395,1393
ZJL3134,1394
ZJL1154,1395
ZJL766,1396
ZJL3005,1397
ZJL343,1398
ZJL3717,1399
ZJL1536,1400
ZJL3368,1401
ZJL4093,1402
ZJL1493,1403
ZJL3295,1404
ZJL589,1405
ZJL2116,1406
ZJL2653,1407
ZJL1105,1408
ZJL437,1409
ZJL4217,1410
ZJL815,1411
ZJL54,1412
ZJL2766,1413
ZJL807,1414
ZJL2723,1415
ZJL1230,1416
ZJL3961,1417
ZJL4004,1418
ZJL3836,1419
ZJL4144,1420
ZJL4239,1421
ZJL519,1422
ZJL4201,1423
ZJL1476,1424
ZJL199,1425
ZJL3152,1426
ZJL2199,1427
ZJL1444,1428
ZJL865,1429
ZJL2962,1430
ZJL3513,1431
ZJL1279,1432
ZJL3953,1433
ZJL2551,1434
ZJL4036,1435
ZJL3858,1436
ZJL3026,1437
ZJL3141,1438
ZJL327,1439
ZJL3217,1440
ZJL3565,1441
ZJL980,1442
ZJL1779,1443
ZJL3788,1444
ZJL2062,1445
ZJL1450,1446
ZJL3457,1447
ZJL3569,1448
ZJL1292,1449
ZJL2082,1450
ZJL1158,1451
ZJL3301,1452
ZJL335,1453
ZJL549,1454
ZJL3148,1455
ZJL1655,1456
ZJL667,1457
ZJL106,1458
ZJL699,1459
ZJL3664,1460
ZJL3113,1461
ZJL774,1462
ZJL2253,1463
ZJL729,1464
ZJL1190,1465
ZJL407,1466
ZJL2018,1467
ZJL2135,1468
ZJL2772,1469
ZJL505,1470
ZJL875,1471
ZJL3640,1472
ZJL1746,1473
ZJL1547,1474
ZJL3690,1475
ZJL3542,1476
ZJL3245,1477
ZJL20,1478
ZJL4067,1479
ZJL2100,1480
ZJL521,1481
ZJL4173,1482
ZJL225,1483
ZJL1699,1484
ZJL3218,1485
ZJL2048,1486
ZJL595,1487
ZJL2871,1488
ZJL24,1489
ZJL33,1490
ZJL814,1491
ZJL834,1492
ZJL928,1493
ZJL460,1494
ZJL3805,1495
ZJL1041,1496
ZJL4249,1497
ZJL573,1498
ZJL1168,1499
ZJL2866,1500
ZJL1754,1501
ZJL4091,1502
ZJL791,1503
ZJL2106,1504
ZJL3310,1505
ZJL1123,1506
ZJL996,1507
ZJL1736,1508
ZJL478,1509
ZJL2095,1510
ZJL2481,1511
ZJL1264,1512
ZJL3126,1513
ZJL13,1514
ZJL3731,1515
ZJL3142,1516
ZJL2944,1517
ZJL2696,1518
ZJL1727,1519
ZJL3729,1520
ZJL1616,1521
ZJL451,1522
ZJL706,1523
ZJL1415,1524
ZJL2587,1525
ZJL3200,1526
ZJL1061,1527
ZJL1839,1528
ZJL3572,1529
ZJL3258,1530
ZJL80,1531
ZJL301,1532
ZJL3324,1533
ZJL372,1534
ZJL1336,1535
ZJL2666,1536
ZJL100,1537
ZJL4096,1538
ZJL702,1539
ZJL795,1540
ZJL3591,1541
ZJL2548,1542
ZJL1737,1543
ZJL1804,1544
ZJL253,1545
ZJL3530,1546
ZJL1495,1547
ZJL113,1548
ZJL1068,1549
ZJL2941,1550
ZJL2815,1551
ZJL4139,1552
ZJL3545,1553
ZJL85,1554
ZJL3013,1555
ZJL1496,1556
ZJL1377,1557
ZJL4230,1558
ZJL3265,1559
ZJL1748,1560
ZJL3797,1561
ZJL4219,1562
ZJL2676,1563
ZJL3503,1564
ZJL458,1565
ZJL1093,1566
ZJL566,1567
ZJL152,1568
ZJL1007,1569
ZJL3684,1570
ZJL2351,1571
ZJL3351,1572
ZJL3319,1573
ZJL4012,1574
ZJL874,1575
ZJL4193,1576
ZJL2092,1577
ZJL243,1578
ZJL1891,1579
ZJL447,1580
ZJL1107,1581
ZJL2791,1582
ZJL3036,1583
ZJL1399,1584
ZJL2511,1585
ZJL1606,1586
ZJL1226,1587
ZJL3693,1588
ZJL3411,1589
ZJL692,1590
ZJL1191,1591
ZJL2322,1592
ZJL3461,1593
ZJL598,1594
ZJL2729,1595
ZJL775,1596
ZJL3466,1597
ZJL3571,1598
ZJL2163,1599
ZJL39,1600
ZJL1291,1601
ZJL400,1602
ZJL3700,1603
ZJL1074,1604
ZJL2690,1605
ZJL3707,1606
ZJL3406,1607
ZJL1308,1608
ZJL1300,1609
ZJL3851,1610
ZJL3842,1611
ZJL3353,1612
ZJL4168,1613
ZJL3794,1614
ZJL1151,1615
ZJL3574,1616
ZJL2995,1617
ZJL2757,1618
ZJL1429,1619
ZJL3923,1620
ZJL4191,1621
ZJL3633,1622
ZJL748,1623
ZJL2416,1624
ZJL2102,1625
ZJL897,1626
ZJL392,1627
ZJL342,1628
ZJL1608,1629
ZJL3966,1630
ZJL4250,1631
ZJL583,1632
ZJL159,1633
ZJL3790,1634
ZJL728,1635
ZJL3270,1636
ZJL4143,1637
ZJL2640,1638
ZJL4238,1639
ZJL3720,1640
ZJL1531,1641
ZJL1788,1642
ZJL2597,1643
ZJL399,1644
ZJL252,1645
ZJL1289,1646
ZJL1324,1647
ZJL3587,1648
ZJL2316,1649
ZJL876,1650
ZJL884,1651
ZJL1457,1652
ZJL2468,1653
ZJL2188,1654
ZJL1645,1655
ZJL3741,1656
ZJL4047,1657
ZJL1318,1658
ZJL3202,1659
ZJL405,1660
ZJL163,1661
ZJL3796,1662
ZJL3065,1663
ZJL684,1664
ZJL2433,1665
ZJL901,1666
ZJL2553,1667
ZJL155,1668
ZJL594,1669
ZJL899,1670
ZJL3648,1671
ZJL1056,1672
ZJL532,1673
ZJL2143,1674
ZJL1353,1675
ZJL3335,1676
ZJL3647,1677
ZJL3223,1678
ZJL2674,1679
ZJL3511,1680
ZJL3568,1681
ZJL3919,1682
ZJL1251,1683
ZJL1479,1684
ZJL2670,1685
ZJL1658,1686
ZJL3756,1687
ZJL3179,1688
ZJL4187,1689
ZJL313,1690
ZJL1558,1691
ZJL1711,1692
ZJL45,1693
ZJL2056,1694
ZJL3520,1695
ZJL4198,1696
ZJL1306,1697
ZJL1502,1698
ZJL3498,1699
ZJL951,1700
ZJL1182,1701
ZJL4195,1702
ZJL3592,1703
ZJL501,1704
ZJL3606,1705
ZJL1248,1706
ZJL1382,1707
ZJL2683,1708
ZJL3964,1709
ZJL708,1710
ZJL246,1711
ZJL1304,1712
ZJL3912,1713
ZJL3180,1714
ZJL2401,1715
ZJL2080,1716
ZJL3694,1717
ZJL3849,1718
ZJL2817,1719
ZJL938,1720
ZJL630,1721
ZJL1186,1722
ZJL1125,1723
ZJL2492,1724
ZJL28,1725
ZJL4134,1726
ZJL689,1727
ZJL3870,1728
ZJL1680,1729
ZJL136,1730
ZJL3593,1731
ZJL1026,1732
ZJL813,1733
ZJL1075,1734
ZJL2157,1735
ZJL1636,1736
ZJL2216,1737
ZJL2565,1738
ZJL2454,1739
ZJL4169,1740
ZJL2945,1741
ZJL3963,1742
ZJL1378,1743
ZJL2950,1744
ZJL3614,1745
ZJL968,1746
ZJL82,1747
ZJL2726,1748
ZJL318,1749
ZJL539,1750
ZJL1165,1751
ZJL4235,1752
ZJL624,1753
ZJL3435,1754
ZJL961,1755
ZJL1629,1756
ZJL2540,1757
ZJL110,1758
ZJL3079,1759
ZJL3921,1760
ZJL2869,1761
ZJL2664,1762
ZJL3642,1763
ZJL3758,1764
ZJL3443,1765
ZJL2972,1766
ZJL3403,1767
ZJL902,1768
ZJL4182,1769
ZJL3598,1770
ZJL3127,1771
ZJL1610,1772
ZJL4137,1773
ZJL1309,1774
ZJL3486,1775
ZJL1110,1776
ZJL4074,1777
ZJL2852,1778
ZJL406,1779
ZJL1338,1780
ZJL1500,1781
ZJL551,1782
ZJL2508,1783
ZJL2964,1784
ZJL1466,1785
ZJL2839,1786
ZJL325,1787
ZJL3357,1788
ZJL2660,1789
ZJL670,1790
ZJL2234,1791
ZJL560,1792
ZJL703,1793
ZJL879,1794
ZJL305,1795
ZJL2596,1796
ZJL1111,1797
ZJL2818,1798
ZJL2137,1799
ZJL1381,1800
ZJL520,1801
ZJL109,1802
ZJL201,1803
ZJL183,1804
ZJL1499,1805
ZJL3385,1806
ZJL3173,1807
ZJL1831,1808
ZJL983,1809
ZJL421,1810
ZJL4145,1811
ZJL1380,1812
ZJL2967,1813
ZJL1694,1814
ZJL3506,1815
ZJL3725,1816
ZJL2027,1817
ZJL2614,1818
ZJL348,1819
ZJL1162,1820
ZJL1005,1821
ZJL2961,1822
ZJL4022,1823
ZJL1731,1824
ZJL1544,1825
ZJL1148,1826
ZJL2636,1827
ZJL3384,1828
ZJL2472,1829
ZJL3938,1830
ZJL23,1831
ZJL2070,1832
ZJL1406,1833
ZJL4099,1834
ZJL786,1835
ZJL1032,1836
ZJL2892,1837
ZJL2275,1838
ZJL3607,1839
ZJL1119,1840
ZJL869,1841
ZJL3948,1842
ZJL3434,1843
ZJL700,1844
ZJL3811,1845
ZJL3775,1846
ZJL3956,1847
ZJL2182,1848
ZJL537,1849
ZJL1679,1850
ZJL3601,1851
ZJL2948,1852
ZJL3221,1853
ZJL3163,1854
ZJL3657,1855
ZJL3224,1856
ZJL244,1857
ZJL1436,1858
ZJL1852,1859
ZJL148,1860
ZJL145,1861
ZJL2702,1862
ZJL1488,1863
ZJL1281,1864
ZJL1193,1865
ZJL4005,1866
ZJL3914,1867
ZJL2273,1868
ZJL2296,1869
ZJL278,1870
ZJL2496,1871
ZJL4117,1872
ZJL3330,1873
ZJL2955,1874
ZJL1527,1875
ZJL64,1876
ZJL4177,1877
ZJL3427,1878
ZJL1634,1879
ZJL1787,1880
ZJL561,1881
ZJL232,1882
ZJL3577,1883
ZJL3376,1884
ZJL613,1885
ZJL168,1886
ZJL4218,1887
ZJL2128,1888
ZJL5,1889
ZJL3229,1890
ZJL2973,1891
ZJL3177,1892
ZJL3518,1893
ZJL599,1894
ZJL1595,1895
ZJL1071,1896
ZJL1031,1897
ZJL3653,1898
ZJL1419,1899
ZJL1325,1900
ZJL1085,1901
ZJL883,1902
ZJL3115,1903
ZJL3915,1904
ZJL1099,1905
ZJL3619,1906
ZJL236,1907
ZJL2196,1908
ZJL887,1909
ZJL2623,1910
ZJL93,1911
ZJL173,1912
ZJL230,1913
ZJL4205,1914
ZJL1650,1915
ZJL1087,1916
ZJL2743,1917
ZJL3855,1918
ZJL3687,1919
ZJL604,1920
ZJL1257,1921
ZJL954,1922
ZJL1568,1923
ZJL3527,1924
ZJL1487,1925
ZJL3327,1926
ZJL1356,1927
ZJL757,1928
ZJL4078,1929
ZJL2487,1930
ZJL258,1931
ZJL2924,1932
ZJL939,1933
ZJL1376,1934
ZJL477,1935
ZJL1579,1936
ZJL3882,1937
ZJL952,1938
ZJL1277,1939
ZJL908,1940
ZJL3500,1941
ZJL2158,1942
ZJL1388,1943
ZJL290,1944
ZJL2499,1945
ZJL4200,1946
ZJL1741,1947
ZJL371,1948
ZJL3828,1949
ZJL472,1950
ZJL4002,1951
ZJL1638,1952
ZJL3602,1953
ZJL1874,1954
ZJL3060,1955
ZJL143,1956
ZJL1019,1957
ZJL2756,1958
ZJL3698,1959
ZJL1144,1960
ZJL192,1961
ZJL2695,1962
ZJL2460,1963
ZJL1663,1964
ZJL164,1965
ZJL3422,1966
ZJL202,1967
ZJL467,1968
ZJL2882,1969
ZJL2632,1970
ZJL3004,1971
ZJL2823,1972
ZJL3059,1973
ZJL1714,1974
ZJL2881,1975
ZJL384,1976
ZJL2457,1977
ZJL548,1978
ZJL3876,1979
ZJL3879,1980
ZJL434,1981
ZJL1550,1982
ZJL2385,1983
ZJL3857,1984
ZJL4050,1985
ZJL2586,1986
ZJL3237,1987
ZJL2115,1988
ZJL2760,1989
ZJL1529,1990
ZJL1177,1991
ZJL1575,1992
ZJL1659,1993
ZJL1383,1994
ZJL2982,1995
ZJL156,1996
ZJL3418,1997
ZJL3190,1998
ZJL2285,1999
ZJL685,2000
ZJL3454,2001
ZJL3834,2002
ZJL2299,2003
ZJL245,2004
ZJL3491,2005
ZJL4119,2006
ZJL2360,2007
ZJL4037,2008
ZJL30,2009
ZJL2518,2010
ZJL2193,2011
ZJL618,2012
ZJL3400,2013
ZJL2550,2014
ZJL75,2015
ZJL220,2016
ZJL1059,2017
ZJL1805,2018
ZJL4228,2019
ZJL3892,2020
ZJL3528,2021
ZJL3889,2022
ZJL2556,2023
ZJL701,2024
ZJL53,2025
ZJL2648,2026
ZJL142,2027
ZJL3095,2028
ZJL2801,2029
ZJL2211,2030
ZJL1750,2031
ZJL2042,2032
ZJL4199,2033
ZJL3386,2034
ZJL2146,2035
ZJL2958,2036
ZJL2535,2037
ZJL1545,2038
ZJL1267,2039
ZJL2434,2040
ZJL1109,2041
ZJL2334,2042
ZJL2828,2043
ZJL2090,2044
ZJL1001,2045
ZJL1288,2046
ZJL3099,2047
ZJL1312,2048
ZJL2451,2049
ZJL3843,2050
ZJL1397,2051
ZJL2405,2052
ZJL2232,2053
ZJL1260,2054
ZJL797,2055
ZJL963,2056
ZJL4184,2057
ZJL1542,2058
ZJL2357,2059
ZJL1066,2060
ZJL1175,2061
ZJL1478,2062
ZJL1591,2063
ZJL713,2064
ZJL944,2065
ZJL3782,2066
ZJL534,2067
ZJL1117,2068
ZJL1209,2069
ZJL3472,2070
ZJL1674,2071
ZJL1350,2072
ZJL2537,2073
ZJL3069,2074
ZJL4189,2075
ZJL864,2076
ZJL841,2077
ZJL2165,2078
ZJL870,2079
ZJL3010,2080
ZJL2425,2081
ZJL87,2082
ZJL860,2083
ZJL3903,2084
ZJL3039,2085
ZJL196,2086
ZJL1103,2087
ZJL2588,2088
ZJL787,2089
ZJL1258,2090
ZJL2574,2091
ZJL508,2092
ZJL4046,2093
ZJL2577,2094
ZJL915,2095
ZJL2489,2096
ZJL3000,2097
ZJL1778,2098
ZJL651,2099
ZJL3644,2100
ZJL2638,2101
ZJL764,2102
ZJL2932,2103
ZJL905,2104
ZJL3743,2105
ZJL3848,2106
ZJL2309,2107
ZJL2432,2108
ZJL331,2109
ZJL4118,2110
ZJL2057,2111
ZJL1853,2112
ZJL2444,2113
ZJL4025,2114
ZJL1222,2115
ZJL35,2116
ZJL2060,2117
ZJL625,2118
ZJL3809,2119
ZJL2843,2120
ZJL4042,2121
ZJL2021,2122
ZJL3038,2123
ZJL34,2124
ZJL789,2125
ZJL626,2126
ZJL51,2127
ZJL1528,2128
ZJL2204,2129
ZJL276,2130
ZJL533,2131
ZJL1513,2132
ZJL1519,2133
ZJL936,2134
ZJL575,2135
ZJL2784,2136
ZJL3056,2137
ZJL2606,2138
ZJL1216,2139
ZJL3546,2140
ZJL995,2141
ZJL3370,2142
ZJL308,2143
ZJL3900,2144
ZJL1857,2145
ZJL675,2146
ZJL3440,2147
ZJL2155,2148
ZJL3078,2149
ZJL673,2150
ZJL1227,2151
ZJL3363,2152
ZJL3763,2153
ZJL466,2154
ZJL3208,2155
ZJL2987,2156
ZJL228,2157
ZJL991,2158
ZJL975,2159
ZJL1695,2160
ZJL1868,2161
ZJL971,2162
ZJL1421,2163
ZJL1820,2164
ZJL1797,2165
ZJL1768,2166
ZJL4258,2167
ZJL1357,2168
ZJL4211,2169
ZJL3197,2170
ZJL4115,2171
ZJL964,2172
ZJL3677,2173
ZJL1053,2174
ZJL1272,2175
ZJL2910,2176
ZJL2933,2177
ZJL1371,2178
ZJL3635,2179
ZJL2626,2180
ZJL2335,2181
ZJL2237,2182
ZJL530,2183
ZJL55,2184
ZJL1394,2185
ZJL892,2186
ZJL3467,2187
ZJL3581,2188
ZJL1416,2189
ZJL2490,2190
ZJL2662,2191
ZJL354,2192
ZJL475,2193
ZJL3352,2194
ZJL2856,2195
ZJL723,2196
ZJL1643,2197
ZJL4109,2198
ZJL1313,2199
ZJL381,2200
ZJL2063,2201
ZJL4232,2202
ZJL2047,2203
ZJL2374,2204
ZJL904,2205
ZJL248,2206
ZJL629,2207
ZJL2422,2208
ZJL837,2209
ZJL3076,2210
ZJL1133,2211
ZJL2349,2212
ZJL1551,2213
ZJL2474,2214
ZJL2180,2215
ZJL3706,2216
ZJL2514,2217
ZJL3508,2218
ZJL506,2219
ZJL2449,2220
ZJL3536,2221
ZJL2118,2222
ZJL2429,2223
ZJL817,2224
ZJL1635,2225
ZJL3730,2226
ZJL1498,2227
ZJL1535,2228
ZJL3214,2229
ZJL2986,2230
ZJL2219,2231
ZJL1814,2232
ZJL3210,2233
ZJL2562,2234
ZJL1390,2235
ZJL4092,2236
ZJL3941,2237
ZJL2268,2238
ZJL1319,2239
ZJL3726,2240
ZJL2290,2241
ZJL2305,2242
ZJL3483,2243
ZJL4054,2244
ZJL2258,2245
ZJL4213,2246
ZJL1832,2247
ZJL2860,2248
ZJL2267,2249
ZJL3947,2250
ZJL2694,2251
ZJL2340,2252
ZJL3547,2253
ZJL656,2254
ZJL121,2255
ZJL3235,2256
ZJL3120,2257
ZJL3116,2258
ZJL859,2259
ZJL4015,2260
ZJL3118,2261
ZJL2555,2262
ZJL2458,2263
ZJL3681,2264
ZJL623,2265
ZJL2133,2266
ZJL1121,2267
ZJL2131,2268
ZJL3737,2269
ZJL1525,2270
ZJL563,2271
ZJL2141,2272
ZJL1808,2273
ZJL2249,2274
ZJL1756,2275
ZJL3689,2276
ZJL3475,2277
ZJL4124,2278
ZJL2443,2279
ZJL263,2280
ZJL1239,2281
ZJL2783,2282
ZJL3312,2283
ZJL1387,2284
ZJL2718,2285
ZJL3525,2286
ZJL304,2287
ZJL1003,2288
ZJL4103,2289
ZJL1089,2290
ZJL2515,2291
ZJL3044,2292
ZJL1619,2293
ZJL2671,2294
ZJL2981,2295
ZJL455,2296
ZJL2712,2297
ZJL4245,2298
ZJL187,2299
ZJL2656,2300
ZJL1795,2301
ZJL2863,2302
ZJL646,2303
ZJL3308,2304
ZJL3199,2305
ZJL1574,2306
ZJL3854,2307
ZJL1143,2308
ZJL3285,2309
ZJL1430,2310
ZJL4260,2311
ZJL84,2312
ZJL2872,2313
ZJL3017,2314
ZJL2900,2315
ZJL4240,2316
ZJL826,2317
ZJL3020,2318
ZJL3781,2319
ZJL665,2320
ZJL3810,2321
ZJL3046,2322
ZJL1284,2323
ZJL3927,2324
ZJL2568,2325
ZJL2160,2326
ZJL1370,2327
ZJL958,2328
ZJL4279,2329
ZJL4210,2330
ZJL3504,2331
ZJL1138,2332
ZJL3051,2333
ZJL2688,2334
ZJL3031,2335
ZJL4040,2336
ZJL2470,2337
ZJL1860,2338
ZJL322,2339
ZJL1889,2340
ZJL1507,2341
ZJL2796,2342
ZJL190,2343
ZJL3248,2344
ZJL1187,2345
ZJL1265,2346
ZJL3973,2347
ZJL179,2348
ZJL193,2349
ZJL1588,2350
ZJL3283,2351
ZJL2238,2352
ZJL730,2353
ZJL1020,2354
ZJL130,2355
ZJL3219,2356
ZJL3128,2357
ZJL1392,2358
ZJL2761,2359
ZJL805,2360
ZJL2132,2361
ZJL1256,2362
ZJL2510,2363
ZJL3752,2364
ZJL414,2365
ZJL3137,2366
ZJL7,2367
ZJL2647,2368
ZJL3291,2369
ZJL89,2370
ZJL1367,2371
ZJL3946,2372
ZJL1503,2373
ZJL967,2374
ZJL1023,2375
ZJL3760,2376
ZJL3755,2377
ZJL2147,2378
ZJL3550,2379
ZJL1034,2380
ZJL3749,2381
ZJL3282,2382
ZJL1196,2383
ZJL3130,2384
ZJL2228,2385
ZJL3863,2386
ZJL2354,2387
ZJL1079,2388
ZJL3712,2389
ZJL2525,2390
ZJL1255,2391
ZJL3784,2392
ZJL2410,2393
ZJL913,2394
ZJL25,2395
ZJL3382,2396
ZJL2337,2397
ZJL959,2398
ZJL2049,2399
ZJL3674,2400
ZJL717,2401
ZJL1343,2402
ZJL4069,2403
ZJL2262,2404
ZJL3354,2405
ZJL3103,2406
ZJL1689,2407
ZJL3338,2408
ZJL3080,2409
ZJL3110,2410
ZJL2692,2411
ZJL3839,2412
ZJL2739,2413
ZJL2142,2414
ZJL133,2415
ZJL457,2416
ZJL2921,2417
ZJL79,2418
ZJL3240,2419
ZJL4034,2420
ZJL1440,2421
ZJL2687,2422
ZJL265,2423
ZJL3714,2424
ZJL512,2425
ZJL2523,2426
ZJL737,2427
ZJL4126,2428
ZJL3170,2429
ZJL1349,2430
ZJL833,2431
ZJL297,2432
ZJL1439,2433
ZJL4070,2434
ZJL3492,2435
ZJL3871,2436
ZJL2476,2437
ZJL2849,2438
ZJL1069,2439
ZJL2917,2440
ZJL57,2441
ZJL2156,2442
ZJL1358,2443
ZJL3311,2444
ZJL3266,2445
ZJL3894,2446
ZJL3392,2447
ZJL1454,2448
ZJL1841,2449
ZJL4268,2450
ZJL1035,2451
ZJL973,2452
ZJL41,2453
ZJL816,2454
ZJL4244,2455
ZJL2484,2456
ZJL1641,2457
ZJL1149,2458
ZJL1468,2459
ZJL1331,2460
ZJL3408,2461
ZJL119,2462
ZJL1678,2463
ZJL320,2464
ZJL1200,2465
ZJL1333,2466
ZJL1199,2467
ZJL3595,2468
ZJL1404,2469
ZJL4277,2470
ZJL640,2471
ZJL891,2472
ZJL2526,2473
ZJL2392,2474
ZJL383,2475
ZJL154,2476
ZJL1231,2477
ZJL880,2478
ZJL1135,2479
ZJL1705,2480
ZJL1691,2481
ZJL1600,2482
ZJL1315,2483
ZJL3203,2484
ZJL2269,2485
ZJL4008,2486
ZJL4045,2487
ZJL3284,2488
ZJL524,2489
ZJL4063,2490
ZJL852,2491
ZJL1613,2492
ZJL250,2493
ZJL3896,2494
ZJL3868,2495
ZJL3307,2496
ZJL2183,2497
ZJL574,2498
ZJL1247,2499
ZJL1137,2500
ZJL2861,2501
ZJL3807,2502
ZJL2352,2503
ZJL1296,2504
ZJL4229,2505
ZJL1161,2506
ZJL2684,2507
ZJL654,2508
ZJL2837,2509
ZJL1751,2510
ZJL3278,2511
ZJL1800,2512
ZJL261,2513
ZJL3068,2514
ZJL167,2515
ZJL2646,2516
ZJL929,2517
ZJL3003,2518
ZJL1214,2519
ZJL785,2520
ZJL3029,2521
ZJL2658,2522
ZJL2240,2523
ZJL2942,2524
ZJL2825,2525
ZJL2343,2526
ZJL2604,2527
ZJL2904,2528
ZJL1037,2529
ZJL2388,2530
ZJL2394,2531
ZJL540,2532
ZJL1316,2533
ZJL2581,2534
ZJL1633,2535
ZJL888,2536
ZJL4251,2537
ZJL1526,2538
ZJL2498,2539
ZJL4237,2540
ZJL3030,2541
ZJL1556,2542
ZJL811,2543
ZJL2994,2544
ZJL4026,2545
ZJL2068,2546
ZJL3926,2547
ZJL396,2548
ZJL3740,2549
ZJL3281,2550
ZJL292,2551
ZJL1475,2552
ZJL946,2553
ZJL2912,2554
ZJL218,2555
ZJL3361,2556
ZJL1602,2557
ZJL1614,2558
ZJL3296,2559
ZJL2838,2560
ZJL1702,2561
ZJL3512,2562
ZJL1879,2563
ZJL1532,2564
ZJL687,2565
ZJL2923,2566
ZJL511,2567
ZJL1129,2568
ZJL2035,2569
ZJL3093,2570
ZJL2925,2571
ZJL704,2572
ZJL3014,2573
ZJL2874,2574
ZJL3564,2575
ZJL3401,2576
ZJL1176,2577
ZJL3910,2578
ZJL479,2579
ZJL3096,2580
ZJL2461,2581
ZJL2402,2582
ZJL2835,2583
ZJL272,2584
ZJL4052,2585
ZJL3942,2586
ZJL3253,2587
ZJL2512,2588
ZJL761,2589
ZJL3802,2590
ZJL2093,2591
ZJL260,2592
ZJL3721,2593
ZJL1833,2594
ZJL4018,2595
ZJL1050,2596
ZJL123,2597
ZJL1785,2598
ZJL111,2599
ZJL3538,2600
ZJL1669,2601
ZJL2346,2602
ZJL4186,2603
ZJL1514,2604
ZJL2194,2605
ZJL1660,2606
ZJL3838,2607
ZJL741,2608
ZJL413,2609
ZJL359,2610
ZJL614,2611
ZJL1459,2612
ZJL4114,2613
ZJL2802,2614
ZJL1836,2615
ZJL4111,2616
ZJL3750,2617
ZJL3826,2618
ZJL1554,2619
ZJL299,2620
ZJL4264,2621
ZJL1201,2622
ZJL3024,2623
ZJL3250,2624
ZJL849,2625
ZJL1538,2626
ZJL545,2627
ZJL985,2628
ZJL3960,2629
ZJL3507,2630
ZJL3738,2631
ZJL138,2632
ZJL282,2633
ZJL1562,2634
ZJL151,2635
ZJL2338,2636
ZJL494,2637
ZJL3331,2638
ZJL2978,2639
ZJL1202,2640
ZJL4081,2641
ZJL3101,2642
ZJL666,2643
ZJL115,2644
ZJL1516,2645
ZJL48,2646
ZJL3697,2647
ZJL16,2648
ZJL2797,2649
ZJL2814,2650
ZJL2358,2651
ZJL2505,2652
ZJL3766,2653
ZJL42,2654
ZJL2375,2655
ZJL144,2656
ZJL2248,2657
ZJL2592,2658
ZJL4130,2659
ZJL1141,2660
ZJL3862,2661
ZJL3559,2662
ZJL4055,2663
ZJL680,2664
ZJL4153,2665
ZJL1472,2666
ZJL3529,2667
ZJL468,2668
ZJL1170,2669
ZJL4059,2670
ZJL2541,2671
ZJL3940,2672
ZJL269,2673
ZJL2365,2674
ZJL2221,2675
ZJL1780,2676
ZJL593,2677
ZJL645,2678
ZJL2552,2679
ZJL3131,2680
ZJL176,2681
ZJL2203,2682
ZJL349,2683
ZJL3979,2684
ZJL368,2685
ZJL1205,2686
ZJL3812,2687
ZJL1883,2688
ZJL1794,2689
ZJL403,2690
ZJL824,2691
ZJL2644,2692
ZJL15,2693
ZJL4226,2694
ZJL3638,2695
ZJL2266,2696
ZJL1102,2697
ZJL3604,2698
ZJL3430,2699
ZJL268,2700
ZJL4174,2701
ZJL3909,2702
ZJL2431,2703
ZJL2417,2704
ZJL647,2705
ZJL714,2706
ZJL2171,2707
ZJL2061,2708
ZJL1084,2709
ZJL37,2710
ZJL2557,2711
ZJL166,2712
ZJL1618,2713
ZJL3997,2714
ZJL1830,2715
ZJL1668,2716
ZJL1605,2717
ZJL463,2718
ZJL3859,2719
ZJL283,2720
ZJL126,2721
ZJL2919,2722
ZJL1584,2723
ZJL781,2724
ZJL97,2725
ZJL4164,2726
ZJL3798,2727
ZJL2847,2728
ZJL2572,2729
ZJL3637,2730
ZJL4029,2731
ZJL417,2732
ZJL2582,2733
ZJL1210,2734
ZJL2547,2735
ZJL3814,2736
ZJL2681,2737
ZJL743,2738
ZJL3626,2739
ZJL2114,2740
ZJL1509,2741
ZJL2414,2742
ZJL1283,2743
ZJL3744,2744
ZJL788,2745
ZJL2176,2746
ZJL3123,2747
ZJL4243,2748
ZJL380,2749
ZJL538,2750
ZJL3470,2751
ZJL2509,2752
ZJL1433,2753
ZJL2236,2754
ZJL1126,2755
ZJL735,2756
ZJL101,2757
ZJL3426,2758
ZJL3172,2759
ZJL3360,2760
ZJL3967,2761
ZJL1880,2762
ZJL4152,2763
ZJL172,2764
ZJL1215,2765
ZJL1240,2766
ZJL3673,2767
ZJL2983,2768
ZJL711,2769
ZJL676,2770
ZJL3304,2771
ZJL2459,2772
ZJL528,2773
ZJL3456,2774
ZJL1759,2775
ZJL2811,2776
ZJL1851,2777
ZJL1548,2778
ZJL3824,2779
ZJL135,2780
ZJL2332,2781
ZJL2927,2782
ZJL221,2783
ZJL481,2784
ZJL1360,2785
ZJL3474,2786
ZJL2078,2787
ZJL3216,2788
ZJL4136,2789
ZJL660,2790
ZJL989,2791
ZJL1740,2792
ZJL334,2793
ZJL2770,2794
ZJL4086,2795
ZJL426,2796
ZJL3742,2797
ZJL941,2798
ZJL1734,2799
ZJL758,2800
ZJL1166,2801
ZJL1359,2802
ZJL4261,2803
ZJL1259,2804
ZJL270,2805
ZJL4019,2806
ZJL2225,2807
ZJL2629,2808
ZJL3667,2809
ZJL3074,2810
ZJL1391,2811
ZJL943,2812
ZJL3391,2813
ZJL2167,2814
ZJL2894,2815
ZJL969,2816
ZJL1735,2817
ZJL4094,2818
ZJL4,2819
ZJL2051,2820
ZJL2407,2821
ZJL1040,2822
ZJL3132,2823
ZJL2031,2824
ZJL2362,2825
ZJL1172,2826
ZJL4013,2827
ZJL2929,2828
ZJL1607,2829
ZJL1654,2830
ZJL765,2831
ZJL2144,2832
ZJL3189,2833
ZJL1597,2834
ZJL3496,2835
ZJL1612,2836
ZJL3018,2837
ZJL1014,2838
ZJL2724,2839
ZJL615,2840
ZJL1480,2841
ZJL695,2842
ZJL541,2843
ZJL3343,2844
ZJL2705,2845
ZJL2466,2846
ZJL987,2847
ZJL298,2848
ZJL893,2849
ZJL776,2850
ZJL1307,2851
ZJL1424,2852
ZJL3776,2853
ZJL4038,2854
ZJL4089,2855
ZJL3136,2856
ZJL4023,2857
ZJL3931,2858
ZJL3898,2859
ZJL3526,2860
ZJL3356,2861
ZJL2257,2862
ZJL2295,2863
ZJL746,2864
ZJL2709,2865
ZJL3945,2866
ZJL2413,2867
ZJL273,2868
ZJL4006,2869
ZJL2168,2870
ZJL1749,2871
ZJL2306,2872
ZJL918,2873
ZJL1241,2874
ZJL3532,2875
ZJL1745,2876
ZJL1859,2877
ZJL2793,2878
ZJL72,2879
ZJL3034,2880
ZJL3578,2881
ZJL1803,2882
ZJL1524,2883
ZJL1270,2884
ZJL2768,2885
ZJL678,2886
ZJL3517,2887
ZJL469,2888
ZJL2593,2889
ZJL3672,2890
ZJL1234,2891
ZJL1593,2892
ZJL3263,2893
ZJL4154,2894
ZJL2089,2895
ZJL3990,2896
ZJL1235,2897
ZJL3397,2898
ZJL890,2899
ZJL3861,2900
ZJL948,2901
ZJL3306,2902
ZJL4073,2903
ZJL2281,2904
ZJL2886,2905
ZJL206,2906
ZJL721,2907
ZJL211,2908
ZJL3415,2909
ZJL4254,2910
ZJL3225,2911
ZJL2902,2912
ZJL3817,2913
ZJL3699,2914
ZJL2833,2915
ZJL3980,2916
ZJL854,2917
ZJL373,2918
ZJL3988,2919
ZJL1441,2920
ZJL698,2921
ZJL412,2922
ZJL3473,2923
ZJL610,2924
ZJL2396,2925
ZJL3505,2926
ZJL3288,2927
ZJL2908,2928
ZJL4083,2929
ZJL2314,2930
ZJL3162,2931
ZJL3487,2932
ZJL3613,2933
ZJL2532,2934
ZJL2738,2935
ZJL1706,2936
ZJL302,2937
ZJL611,2938
ZJL1662,2939
ZJL2806,2940
ZJL1369,2941
ZJL2579,2942
ZJL3119,2943
ZJL4071,2944
ZJL3791,2945
ZJL1622,2946
ZJL726,2947
ZJL3448,2948
ZJL3685,2949
ZJL3541,2950
ZJL2345,2951
ZJL3733,2952
ZJL425,2953
ZJL925,2954
ZJL4030,2955
ZJL2897,2956
ZJL1698,2957
ZJL2787,2958
ZJL1132,2959
ZJL2625,2960
ZJL4223,2961
ZJL3765,2962
ZJL2988,2963
ZJL4280,2964
ZJL3404,2965
ZJL2251,2966
ZJL896,2967
ZJL1323,2968
ZJL688,2969
ZJL4160,2970
ZJL4276,2971
ZJL3696,2972
ZJL4269,2973
ZJL4087,2974
ZJL4214,2975
ZJL3950,2976
ZJL137,2977
ZJL3952,2978
ZJL3759,2979
ZJL810,2980
ZJL2713,2981
ZJL2926,2982
ZJL389,2983
ZJL1766,2984
ZJL3618,2985
ZJL66,2986
ZJL4220,2987
ZJL3328,2988
ZJL1890,2989
ZJL2278,2990
ZJL2123,2991
ZJL1268,2992
ZJL91,2993
ZJL203,2994
ZJL1647,2995
ZJL4196,2996
ZJL942,2997
ZJL1511,2998
ZJL4165,2999
ZJL553,3000
ZJL881,3001
ZJL3405,3002
ZJL3734,3003
ZJL2922,3004
ZJL2914,3005
ZJL3336,3006
ZJL4206,3007
ZJL1596,3008
ZJL2148,3009
ZJL2378,3010
ZJL1293,3011
ZJL2957,3012
ZJL3753,3013
ZJL552,3014
ZJL886,3015
ZJL2954,3016
ZJL2746,3017
ZJL3160,3018
ZJL2503,3019
ZJL720,3020
ZJL1504,3021
ZJL1152,3022
ZJL2224,3023
ZJL3460,3024
ZJL2824,3025
ZJL443,3026
ZJL4084,3027
ZJL3982,3028
ZJL4156,3029
ZJL165,3030
ZJL1521,3031
ZJL438,3032
ZJL1275,3033
ZJL4166,3034
ZJL1455,3035
ZJL4043,3036
ZJL2271,3037
ZJL4104,3038
ZJL2173,3039
ZJL923,3040
ZJL1701,3041
ZJL3176,3042
ZJL4062,3043
ZJL621,3044
ZJL2795,3045
ZJL3236,3046
ZJL1742,3047
ZJL286,3048
ZJL578,3049
ZJL3992,3050
ZJL2665,3051
ZJL2138,3052
ZJL2704,3053
ZJL1328,3054
ZJL2542,3055
ZJL162,3056
ZJL351,3057
ZJL431,3058
ZJL792,3059
ZJL2686,3060
ZJL652,3061
ZJL1661,3062
ZJL794,3063
ZJL940,3064
ZJL181,3065
ZJL3028,3066
ZJL3905,3067
ZJL2971,3068
ZJL3886,3069
ZJL2373,3070
ZJL2879,3071
ZJL277,3072
ZJL3489,3073
ZJL3907,3074
ZJL169,3075
ZJL798,3076
ZJL3476,3077
ZJL3211,3078
ZJL3899,3079
ZJL4257,3080
ZJL727,3081
ZJL1008,3082
ZJL3702,3083
ZJL4274,3084
ZJL2139,3085
ZJL2161,3086
ZJL4053,3087
ZJL2477,3088
ZJL2412,3089
ZJL1211,3090
ZJL3680,3091
ZJL1080,3092
ZJL131,3093
ZJL2300,3094
ZJL637,3095
ZJL1492,3096
ZJL58,3097
ZJL2682,3098
ZJL1368,3099
ZJL2091,3100
ZJL3651,3101
ZJL2807,3102
ZJL411,3103
ZJL1120,3104
ZJL1340,3105
ZJL562,3106
ZJL444,3107
ZJL3300,3108
ZJL3342,3109
ZJL356,3110
ZJL128,3111
ZJL796,3112
ZJL347,3113
ZJL2870,3114
ZJL2977,3115
ZJL3991,3116
ZJL2755,3117
ZJL1092,3118
ZJL3271,3119
ZJL333,3120
ZJL2890,3121
ZJL919,3122
ZJL1824,3123
ZJL3566,3124
ZJL1438,3125
ZJL1474,3126
ZJL2786,3127
ZJL2336,3128
ZJL1886,3129
ZJL1717,3130
ZJL3313,3131
ZJL3419,3132
ZJL2827,3133
ZJL2207,3134
ZJL1828,3135
ZJL1054,3136
ZJL1552,3137
ZJL620,3138
ZJL4236,3139
ZJL3958,3140
ZJL1194,3141
ZJL742,3142
ZJL1724,3143
ZJL3438,3144
ZJL29,3145
ZJL587,3146
ZJL3954,3147
ZJL2876,3148
ZJL122,3149
ZJL1033,3150
ZJL1515,3151
ZJL3787,3152
ZJL2717,3153
ZJL150,3154
ZJL1801,3155
ZJL2865,3156
ZJL2208,3157
ZJL694,3158
ZJL2439,3159
ZJL3277,3160
ZJL3222,3161
ZJL2748,3162
ZJL1720,3163
ZJL2911,3164
ZJL3346,3165
ZJL2583,3166
ZJL3389,3167
ZJL1113,3168
ZJL2898,3169
ZJL2899,3170
ZJL544,3171
ZJL1818,3172
ZJL2909,3173
ZJL777,3174
ZJL662,3175
ZJL1245,3176
ZJL2341,3177
ZJL440,3178
ZJL531,3179
ZJL3379,3180
ZJL3605,3181
ZJL3736,3182
ZJL3789,3183
ZJL1269,3184
ZJL868,3185
ZJL1482,3186
ZJL217,3187
ZJL3015,3188
ZJL3196,3189
ZJL2767,3190
ZJL3501,3191
ZJL3232,3192
ZJL1228,3193
ZJL2369,3194
ZJL2381,3195
ZJL2578,3196
ZJL4142,3197
ZJL1469,3198
ZJL2255,3199
ZJL3251,3200
ZJL731,3201
ZJL2050,3202
ZJL3951,3203
ZJL1615,3204
ZJL1043,3205
ZJL294,3206
ZJL3895,3207
ZJL1217,3208
ZJL332,3209
ZJL681,3210
ZJL863,3211
ZJL2353,3212
ZJL1361,3213
ZJL1693,3214
ZJL3813,3215
ZJL2045,3216
ZJL461,3217
ZJL535,3218
ZJL1781,3219
ZJL3628,3220
ZJL4057,3221
ZJL309,3222
ZJL596,3223
ZJL753,3224
ZJL4080,3225
ZJL1722,3226
ZJL4241,3227
ZJL2333,3228
ZJL1458,3229
ZJL1384,3230
ZJL2391,3231
ZJL3098,3232
ZJL2845,3233
ZJL1508,3234
ZJL2953,3235
ZJL1765,3236
ZJL635,3237
ZJL1673,3238
ZJL2186,3239
ZJL2450,3240
ZJL1821,3241
ZJL600,3242
ZJL1010,3243
ZJL950,3244
ZJL3715,3245
ZJL3206,3246
ZJL465,3247
ZJL2980,3248
ZJL2220,3249
ZJL1332,3250
ZJL1709,3251
ZJL3135,3252
ZJL2424,3253
ZJL1760,3254
ZJL1578,3255
ZJL4098,3256
ZJL2517,3257
ZJL581,3258
ZJL1577,3259
ZJL2473,3260
ZJL642,3261
ZJL3305,3262
ZJL4039,3263
ZJL2215,3264
ZJL1047,3265
ZJL1067,3266
ZJL502,3267
ZJL2563,3268
ZJL2940,3269
ZJL1844,3270
ZJL3,3271
ZJL2946,3272
ZJL459,3273
ZJL2246,3274
ZJL697,3275
ZJL3913,3276
ZJL3585,3277
ZJL740,3278
ZJL3709,3279
ZJL1408,3280
ZJL2698,3281
ZJL3329,3282
ZJL2659,3283
ZJL1870,3284
ZJL650,3285
ZJL966,3286
ZJL3780,3287
ZJL3852,3288
ZJL1467,3289
ZJL3825,3290
ZJL3432,3291
ZJL454,3292
ZJL1563,3293
ZJL2567,3294
ZJL2745,3295
ZJL2015,3296
ZJL3371,3297
ZJL965,3298
ZJL3431,3299
ZJL1855,3300
ZJL2283,3301
ZJL4120,3302
ZJL3187,3303
ZJL1777,3304
ZJL2328,3305
ZJL3803,3306
ZJL3971,3307
ZJL3908,3308
ZJL2372,3309
ZJL3983,3310
ZJL999,3311
ZJL4271,3312
ZJL2400,3313
ZJL2320,3314
ZJL2127,3315
ZJL2252,3316
ZJL3745,3317
ZJL4044,3318
ZJL2657,3319
ZJL237,3320
ZJL3634,3321
ZJL631,3322
ZJL4108,3323
ZJL2202,3324
ZJL140,3325
